{"cameraMode":{"drawMode":0,"name":"Shaded","section":"Shading Mode"},"sceneLighting":true,"audioPlay":false,"sceneViewState":{"showFog":true,"showMaterialUpdate":false,"showSkybox":true,"showFlares":true,"showImageEffects":true,"showParticleSystems":true,"showVisualEffectGraphs":true,"m_FxEnabled":true},"in2DMode":false,"pivot":{"x":289.84808349609377,"y":181.28262329101563,"z":104.60992431640625},"rotation":{"x":0.15460722148418427,"y":-0.09763805568218231,"z":0.015356301330029965,"w":0.9830197095870972},"size":226.03369140625,"orthographic":false}