{"cameraMode":{"drawMode":0,"name":"Shaded","section":"Shading Mode"},"sceneLighting":true,"audioPlay":false,"sceneViewState":{"showFog":true,"showMaterialUpdate":false,"showSkybox":true,"showFlares":true,"showImageEffects":true,"showParticleSystems":true,"showVisualEffectGraphs":true,"m_FxEnabled":true},"in2DMode":false,"pivot":{"x":-33.813934326171878,"y":27.771352767944337,"z":7.039084434509277},"rotation":{"x":0.2516182065010071,"y":0.12357261031866074,"z":-0.03241004794836044,"w":0.9593583345413208},"size":5.8248162269592289,"orthographic":false}